scenario,controller,path_id,seed_offset,termination_reason,congestion_tier,spawned_dyn_obs_count,goal_reached,steps_taken,completion_time_s,path_length,path_efficiency,mean_speed,std_speed,smoothness,mean_cont_err,rms_cont_err,max_cont_err,std_cont_err,mean_lag_err,rms_lag_err,max_lag_err,std_lag_err,mean_solve_ms,max_solve_ms,std_solve_ms,solver_fail_count,static_body_collision_steps,static_zone_violation_steps,dyn_body_collision_steps,dyn_exclusion_violation_steps,total_body_collision_steps,worst_dyn_excl_depth,worst_dyn_excl_step,worst_dyn_excl_obs,min_dyn_body_clearance,min_dyn_body_clearance_step,min_dyn_body_clearance_obs,mean_active_dyn_obs,max_active_dyn_obs,mean_state_mismatch,max_state_mismatch,min_clearance_m,error
CorridorStructured,mpcc_soft,10,15,goal_reached,low,4,1,562,56.2,52.9309,0.8442,0.9418,0.0514,8.9394,0.0494,0.1231,0.674,0.1128,-0.0046,0.0277,0.0494,0.0273,65.87,132.22,29.48,0,0,0,0,2,0,0.000298,242,2,0.509475,244,2,0.8986,3,0.0,0.0,0.450611,
CorridorStructured,mpcc_soft,10,9,goal_reached,low,4,1,566,56.6,53.1325,0.841,0.9387,0.0502,9.0988,0.0442,0.1306,0.7721,0.1229,-0.0012,0.0277,0.0496,0.0277,66.39,163.75,30.58,0,0,0,0,2,0,0.000313,238,3,0.547627,239,3,0.4488,3,0.0,0.0,0.450519,
CorridorStructured,mpcc_soft,10,1,goal_reached,low,4,1,565,56.5,53.0477,0.8423,0.9389,0.0497,8.943,0.045,0.125,0.7142,0.1166,-0.0029,0.0288,0.0497,0.0287,66.58,165.34,29.28,0,0,0,0,1,0,0.000343,65,1,0.40094,380,3,0.7204,2,0.0,0.0,0.40094,
CorridorStructured,mpcc_soft,10,12,goal_reached,low,4,1,562,56.2,52.5708,0.85,0.9354,0.0478,8.3215,0.0275,0.0678,0.3973,0.062,-0.0029,0.0271,0.0496,0.027,66.98,130.66,28.53,0,0,0,0,3,0,0.000168,301,0,0.52568,111,3,0.8292,2,0.0,0.0,0.478958,
CorridorStructured,mpcc_soft,10,10,goal_reached,low,4,1,566,56.6,52.7556,0.847,0.9321,0.0461,7.1953,0.0129,0.0272,0.1207,0.0239,-0.0034,0.0286,0.0494,0.0284,66.69,140.41,30.79,0,0,0,0,0,0,0.0,265,2,0.368394,264,2,1.0371,3,0.0,0.0,0.368394,
CorridorStructured,mpcc_soft,10,7,goal_reached,low,4,1,563,56.3,52.4654,0.8517,0.9319,0.0462,7.0233,0.0147,0.036,0.2866,0.0328,-0.0036,0.029,0.0494,0.0288,67.51,266.12,31.1,0,0,0,0,2,0,0.00027,355,2,0.535497,355,2,1.0053,3,0.0,0.0,0.41339,
CorridorStructured,mpcc_soft,10,11,goal_reached,low,4,1,566,56.6,53.0539,0.8422,0.9373,0.0498,8.2121,0.0448,0.1292,0.7465,0.1212,-0.0017,0.0294,0.0495,0.0293,67.35,173.83,30.15,0,0,0,0,1,0,0.000784,234,0,0.410362,232,0,1.1113,3,0.0,0.0,0.410362,
CorridorStructured,mpcc_soft,10,14,goal_reached,low,4,1,571,57.1,53.5372,0.8346,0.9376,0.0494,8.8216,0.0601,0.1779,1.0146,0.1674,-0.0041,0.0378,0.3511,0.0375,66.75,166.72,29.51,0,0,0,0,3,0,0.000457,228,1,0.48698,126,2,1.0455,3,0.0,0.0,0.480031,
CorridorStructured,mpcc_soft,10,13,goal_reached,low,4,1,569,56.9,52.5593,0.8502,0.9237,0.1147,9.9362,0.0559,0.1272,0.5791,0.1143,-0.0038,0.0291,0.0496,0.0289,68.23,142.19,28.87,0,0,2,0,5,0,0.000299,209,0,0.436941,119,1,0.8348,3,0.0,0.0,0.2,
CorridorStructured,mpcc_soft,10,5,goal_reached,low,4,1,568,56.8,53.5029,0.8352,0.6103,0.7236,12.3744,0.081,0.1842,0.963,0.1654,0.0053,0.0292,0.0494,0.0287,68.21,432.04,36.14,0,0,0,0,13,0,0.050379,463,2,0.440175,473,2,0.9982,2,0.0,0.0,0.438834,
CorridorStructured,mpcc_soft,10,3,goal_reached,low,4,1,570,57.0,53.1872,0.8401,0.9331,0.046,7.6798,0.0197,0.0513,0.3398,0.0473,-0.0032,0.0307,0.2543,0.0305,69.06,195.67,31.6,0,0,0,0,1,0,2e-06,347,2,0.466681,356,2,0.9965,3,0.0,0.0,0.210153,
CorridorStructured,mpcc_soft,10,6,goal_reached,low,4,1,573,57.3,53.4423,0.8361,0.9327,0.0769,10.132,0.0344,0.0946,0.5288,0.0881,-0.0022,0.0279,0.0494,0.0278,68.25,136.16,30.26,0,0,0,0,0,0,0.0,,,0.467746,152,3,1.2251,2,0.0,0.0,0.298029,
CorridorStructured,mpcc_soft,10,0,goal_reached,low,4,1,570,57.0,52.7664,0.8468,0.9257,0.1487,12.5076,0.0842,0.1683,0.6129,0.1457,-0.0036,0.0307,0.0493,0.0305,70.21,208.02,31.51,0,0,5,0,21,0,0.615723,209,2,0.043778,209,2,1.0649,2,0.0,0.0,0.043778,
CorridorStructured,mpcc_soft,10,2,goal_reached,low,4,1,600,60.0,55.2455,0.8088,0.9208,0.1502,15.595,0.1463,0.3235,1.601,0.2886,-0.014,0.0978,1.1093,0.0968,71.37,704.17,39.28,0,0,2,0,6,0,0.001411,121,3,0.419775,119,3,1.2417,3,0.0,0.0,0.2,
CorridorStructured,mpcc_soft,10,8,goal_reached,low,4,1,595,59.5,55.3515,0.8073,-0.0535,0.9395,14.4328,0.1306,0.2675,1.2392,0.2335,-0.002,0.0274,0.0495,0.0273,78.06,1830.79,109.53,2,0,0,0,14,0,0.153936,279,2,0.422703,302,2,1.0689,2,5.72731e-05,0.0340184256,0.422703,
CorridorStructured,mpcc_soft,10,4,max_steps,low,4,0,800,80.0,31.535,1.417,0.3942,0.4578,7.2484,0.0352,0.0438,0.1207,0.026,-0.0042,0.0208,0.0494,0.0204,83.66,154.4,34.52,0,0,0,0,0,0,0.0,,,0.749332,706,2,1.2212,3,0.0,0.0,0.475548,
CorridorStructured,mpcc_soft,10,16,goal_reached,low,4,1,570,57.0,53.5889,0.8338,0.9402,0.0506,9.9736,0.0754,0.1779,0.8229,0.1611,-0.002,0.0295,0.13,0.0294,92.35,181.4,17.37,0,0,0,0,2,0,0.000497,103,3,0.491636,290,0,0.9982,2,0.0,0.0,0.422755,
CorridorStructured,mpcc_soft,10,17,goal_reached,low,4,1,566,56.6,53.0046,0.843,0.9365,0.0764,9.4367,0.0406,0.0927,0.4115,0.0834,-0.0025,0.0307,0.0496,0.0306,93.52,245.09,18.77,0,0,0,0,6,0,0.000861,299,0,0.411983,168,3,1.0336,3,0.0,0.0,0.411983,
CorridorStructured,mpcc_soft,10,2,goal_reached,mid,8,1,562,56.2,53.4257,0.8364,0.9506,0.0512,11.3899,0.0975,0.1923,0.7223,0.1657,-0.0012,0.0291,0.1148,0.0291,93.79,185.07,18.47,0,0,0,0,4,0,0.000336,279,1,0.368698,222,4,2.4342,4,0.0,0.0,0.368698,
CorridorStructured,mpcc_soft,10,18,goal_reached,low,4,1,576,57.6,54.3805,0.8217,0.9441,0.0616,11.6922,0.1269,0.3038,1.2634,0.276,-0.009,0.0756,0.8831,0.0751,96.42,207.85,21.1,0,0,2,0,17,0,0.476537,123,0,0.183871,122,0,1.0312,2,0.0,0.0,0.183871,
CorridorStructured,mpcc_soft,10,6,goal_reached,mid,8,1,573,57.3,54.0546,0.8266,0.9434,0.0566,11.4315,0.1242,0.2916,1.0911,0.2639,-0.0049,0.0387,0.3945,0.0384,95.21,401.37,23.08,0,0,0,0,8,0,0.001007,193,3,0.431369,190,3,2.0087,4,0.0,0.0,0.431369,
CorridorStructured,mpcc_soft,10,19,goal_reached,low,4,1,603,60.3,55.4515,0.8058,0.0727,0.9314,15.1433,0.1724,0.3532,1.2971,0.3083,-0.0107,0.0771,0.917,0.0764,97.99,572.85,28.52,0,0,9,0,53,0,0.031684,327,0,0.3964,311,0,1.0448,2,0.0,0.0,0.2,
CorridorStructured,mpcc_soft,10,7,goal_reached,mid,8,1,577,57.7,55.0497,0.8117,0.9541,0.0653,13.7931,0.1783,0.327,1.0288,0.2741,-0.0085,0.0462,0.3292,0.0454,96.33,506.12,26.19,0,0,2,0,18,0,0.00274,385,7,0.374397,473,2,2.3258,4,0.0,0.0,0.2,
CorridorStructured,mpcc_soft,10,4,goal_reached,mid,8,1,580,58.0,55.5018,0.8051,0.9569,0.0508,14.1352,0.1989,0.3939,1.3299,0.34,-0.0094,0.0915,1.0349,0.091,97.67,762.08,33.73,0,0,4,0,18,0,0.297194,169,6,0.308065,168,6,2.1914,4,0.0,0.0,0.2,
CorridorStructured,mpcc_soft,10,3,goal_reached,mid,8,1,579,57.9,53.6628,0.8327,0.9259,0.1344,14.3964,0.091,0.1874,0.8175,0.1638,-0.0038,0.0261,0.0496,0.0258,98.67,298.49,24.77,0,0,2,0,24,0,0.040978,305,5,0.412965,327,5,1.9689,4,0.0,0.0,0.2,
CorridorStructured,mpcc_soft,10,1,goal_reached,mid,8,1,602,60.2,56.1384,0.796,0.9325,0.1261,13.9053,0.191,0.4022,1.7392,0.354,-0.0361,0.2094,1.6944,0.2062,98.41,247.33,20.88,0,0,8,0,33,0,0.57553,128,3,0.083905,127,3,1.9801,3,0.0,0.0,0.083905,
CorridorStructured,mpcc_soft,10,5,goal_reached,mid,8,1,608,60.8,56.3897,0.7924,0.9275,0.148,13.915,0.189,0.4446,2.0098,0.4025,-0.0109,0.0732,0.7748,0.0724,96.35,615.26,32.3,0,0,2,0,10,0,0.004048,434,1,0.378467,421,0,1.9885,4,0.0,0.0,0.2,
CorridorStructured,mpcc_soft,10,0,goal_reached,mid,8,1,608,60.8,55.5134,0.8049,0.7707,0.5164,16.7695,0.1059,0.2325,1.031,0.207,-0.0054,0.0428,0.4407,0.0424,99.33,1285.01,62.11,0,0,2,0,9,0,0.022296,562,1,0.384624,566,1,1.9293,4,0.0,0.0,0.2,
CorridorStructured,mpcc_soft,10,10,goal_reached,mid,8,1,562,56.2,53.1378,0.8409,0.9455,0.0515,10.4463,0.0954,0.2154,0.9203,0.1931,-0.0011,0.0274,0.0494,0.0274,94.8,206.79,18.23,0,0,0,0,11,0,0.000236,390,5,0.367368,266,2,1.7046,4,0.0,0.0,0.280488,
CorridorStructured,mpcc_soft,10,9,goal_reached,mid,8,1,592,59.2,52.9538,0.8438,0.8896,0.2217,13.1689,0.1071,0.2355,0.8257,0.2097,-0.0057,0.0289,0.0493,0.0283,99.78,316.85,27.58,0,0,5,0,24,0,0.007909,405,2,0.376313,428,2,2.2889,4,0.0,0.0,0.2,
CorridorStructured,mpcc_soft,10,8,goal_reached,mid,8,1,605,60.5,55.5217,0.8048,0.9177,0.1565,17.5322,0.1471,0.3115,1.2984,0.2746,-0.0064,0.0403,0.4088,0.0398,103.82,1740.38,72.51,0,0,0,0,21,0,0.381595,152,1,0.231249,151,1,2.1455,4,0.0,0.0,0.200008,
CorridorStructured,mpcc_soft,10,2,dyn_body_collision,high,12,0,410,41.0,38.9833,1.1462,0.9508,0.1187,13.0226,0.1824,0.3196,1.1641,0.2624,-0.0032,0.0387,0.2994,0.0386,100.72,698.44,36.07,0,0,3,1,16,1,0.730733,409,6,-0.044374,409,6,2.839,4,0.0,0.0,-0.044374,
CorridorStructured,mpcc_soft,10,13,goal_reached,mid,8,1,575,57.5,54.5376,0.8193,0.9485,0.0931,17.4728,0.2055,0.3978,1.6924,0.3406,-0.0013,0.0282,0.0804,0.0282,98.53,454.0,29.07,0,0,2,0,13,0,0.010723,289,1,0.367565,283,1,1.8678,4,0.0,0.0,0.2,
CorridorStructured,mpcc_soft,10,15,goal_reached,mid,8,1,576,57.6,54.633,0.8179,0.9485,0.0937,14.6694,0.1405,0.263,1.0516,0.2223,-0.0024,0.0281,0.1523,0.028,96.15,583.25,32.61,0,0,0,0,7,0,0.000731,141,1,0.424125,91,7,2.4444,4,0.0,0.0,0.237155,
CorridorStructured,mpcc_soft,10,17,goal_reached,mid,8,1,571,57.1,54.0423,0.8268,0.9465,0.0768,14.1351,0.1075,0.2408,1.2203,0.2155,-0.0046,0.0284,0.166,0.0281,95.85,397.98,24.35,0,0,0,0,7,0,0.001002,198,4,0.450987,272,5,2.2224,4,0.0,0.0,0.341499,
CorridorStructured,mpcc_soft,10,12,goal_reached,mid,8,1,616,61.6,58.3209,0.7662,0.9468,0.1316,19.2752,0.2969,0.5588,2.1329,0.4734,-0.0158,0.1015,0.9022,0.1002,100.97,521.3,39.25,0,0,6,0,31,0,0.53749,429,2,0.096015,429,2,2.0649,4,0.0,0.0,0.096015,
CorridorStructured,mpcc_soft,10,0,goal_reached,high,12,1,588,58.8,55.3997,0.8066,0.9422,0.1195,18.9195,0.189,0.3407,1.2348,0.2835,-0.004,0.0323,0.3019,0.032,98.77,845.08,47.43,0,0,0,0,11,0,0.00085,248,8,0.41181,151,6,2.6905,4,0.0,0.0,0.222728,
CorridorStructured,mpcc_soft,10,1,goal_reached,high,12,1,572,57.2,54.305,0.8228,0.9494,0.1217,18.2623,0.1588,0.2605,0.8233,0.2065,-0.0062,0.0303,0.1421,0.0297,99.16,824.99,39.04,0,0,0,0,23,0,0.25707,443,6,0.335399,443,6,2.8304,4,0.0,0.0,0.205007,
CorridorStructured,mpcc_soft,10,14,goal_reached,mid,8,1,625,62.5,54.6526,0.8176,0.1614,0.8937,19.571,0.1903,0.3786,1.4557,0.3272,-0.0035,0.0286,0.1138,0.0284,103.22,1469.79,67.77,1,0,4,0,49,0,0.204654,382,3,0.36731,514,0,2.0736,4,0.0,0.0,0.2,
CorridorStructured,mpcc_soft,10,7,solver_fail:Restoration_Failed,high,12,0,138,13.8,12.4341,3.5936,0.901,0.1586,1.7634,0.0488,0.1413,0.5143,0.1326,-0.0007,0.029,0.0493,0.029,112.27,573.38,73.36,1,0,5,0,3,0,0.432892,137,3,0.183043,137,3,1.4928,3,0.0,0.0,0.183043,
CorridorStructured,mpcc_soft,10,19,goal_reached,mid,8,1,610,61.0,55.3782,0.8069,0.9078,0.1756,20.6299,0.1837,0.3418,1.1728,0.2882,-0.0051,0.0331,0.3359,0.0327,99.55,577.45,34.89,0,0,6,0,25,0,0.116651,181,1,0.350154,332,2,1.9328,4,0.0,0.0,0.2,
CorridorStructured,mpcc_soft,10,18,goal_reached,mid,8,1,594,59.4,56.3242,0.7933,-0.0816,0.9518,18.8045,0.3114,0.5816,2.2681,0.4912,-0.0041,0.045,0.557,0.0448,104.56,1888.36,91.29,1,0,2,0,30,0,0.22209,267,2,0.36736,501,7,2.0539,4,2.18275e-05,0.0129655534,0.2,
CorridorStructured,mpcc_soft,10,4,goal_reached,high,12,1,579,57.9,54.5058,0.8198,0.9414,0.123,16.1738,0.2561,0.5005,1.9794,0.43,-0.0059,0.0313,0.2513,0.0307,99.97,895.93,43.43,0,0,11,0,16,0,0.344974,264,5,0.345816,264,5,2.6615,4,0.0,0.0,0.2,
CorridorStructured,mpcc_soft,10,5,goal_reached,high,12,1,592,59.2,53.7258,0.8317,0.9075,0.1838,17.4067,0.0998,0.1843,0.7416,0.1549,-0.0072,0.0345,0.2318,0.0337,99.26,1350.43,61.19,0,0,0,0,14,0,0.000583,268,7,0.401462,131,3,2.647,4,0.0,0.0,0.258804,
CorridorStructured,mpcc_soft,10,6,goal_reached,high,12,1,591,59.1,53.7933,0.8307,0.9102,0.1903,16.9583,0.1325,0.2429,0.9272,0.2035,-0.0206,0.117,0.8913,0.1152,100.11,1181.41,50.97,0,0,5,0,13,0,0.000845,304,11,0.367787,254,2,2.9645,4,0.0,0.0,0.2,
CorridorStructured,mpcc_soft,10,16,dyn_body_collision,mid,8,0,539,53.9,31.3843,1.4238,0.5619,0.4692,21.1681,0.2476,0.3246,0.8155,0.2099,-0.0512,0.1892,0.7434,0.1822,133.42,1445.85,114.79,3,0,16,1,31,1,0.77596,538,3,-0.030879,538,3,2.7959,4,0.000104666,0.0507014649,-0.030879,
CorridorStructured,mpcc_soft,10,11,max_steps,mid,8,0,800,80.0,37.89,1.1793,0.4193,0.4952,13.8628,0.1512,0.2342,1.169,0.1789,-0.0144,0.0736,0.9876,0.0722,127.94,779.28,56.4,0,0,123,0,187,0,0.315684,559,6,0.362081,559,6,2.0938,4,0.0,0.0,0.2,
CorridorStructured,mpcc_soft,10,16,dyn_body_collision,high,12,0,168,16.8,14.8639,3.0062,0.2972,0.8657,4.0939,0.3327,0.617,1.9921,0.5196,-0.1953,0.5054,1.3138,0.4661,123.19,890.66,88.06,0,0,3,1,52,1,0.715593,167,2,-0.031554,167,2,2.0,3,0.0,0.0,-0.031554,
OpenClutter,mpcc_soft,11,0,dyn_body_collision,low,4,0,137,13.7,13.4485,3.2466,0.9816,0.0347,3.1309,0.2939,0.6191,1.9956,0.5449,-0.0039,0.0223,0.0498,0.022,114.3,601.67,53.13,0,0,13,1,14,1,0.7435,136,1,-0.016417,136,1,1.2628,2,0.0,0.0,-0.016417,
CorridorStructured,mpcc_soft,10,12,dyn_body_collision,high,12,0,419,41.9,39.3524,1.1355,0.9392,0.1593,16.5728,0.1723,0.2563,0.7682,0.1898,-0.0034,0.0293,0.0497,0.0291,104.14,1178.57,61.86,0,0,3,1,28,1,0.694066,418,11,-0.009771,418,11,2.9785,4,0.0,0.0,-0.009771,
CorridorStructured,mpcc_soft,10,8,goal_reached,high,12,1,573,57.3,54.0391,0.8269,0.4872,0.8144,16.9326,0.1384,0.2477,0.8269,0.2054,-0.0023,0.0281,0.0496,0.028,96.37,704.35,31.6,0,0,0,0,8,0,0.000381,184,4,0.439424,186,4,2.9843,4,0.0,0.0,0.220943,
CorridorStructured,mpcc_soft,10,9,goal_reached,high,12,1,561,56.1,53.6968,0.8322,0.9572,0.057,17.1675,0.1799,0.3126,1.1531,0.2556,-0.007,0.0363,0.3605,0.0356,97.14,334.32,23.7,0,0,4,0,13,0,0.002798,114,9,0.395164,243,11,3.0196,4,0.0,0.0,0.2,
CorridorStructured,mpcc_soft,10,11,goal_reached,high,12,1,570,57.0,53.9996,0.8275,0.9474,0.0596,13.9349,0.1229,0.2493,0.9098,0.2169,-0.0033,0.0305,0.2171,0.0304,93.99,773.06,33.85,0,0,0,0,8,0,0.000856,190,3,0.421271,383,1,2.7228,4,0.0,0.0,0.288847,
CorridorStructured,mpcc_soft,10,3,dyn_body_collision,high,12,0,598,59.8,35.9353,1.2435,0.52,0.5371,30.648,0.3978,0.5264,1.2295,0.3447,-0.0718,0.2468,0.9209,0.2362,194.81,2125.26,217.83,3,0,35,1,110,1,0.75804,597,10,-0.019804,597,10,3.4047,4,1.0798e-05,0.0064572035,-0.019804,
CorridorStructured,mpcc_soft,10,18,goal_reached,high,12,1,577,57.7,53.9741,0.8279,0.9354,0.1159,15.2638,0.0914,0.1723,0.5988,0.146,-0.0049,0.0459,0.4596,0.0456,96.78,449.7,25.46,0,0,0,0,6,0,0.000234,449,11,0.391425,174,7,2.6603,4,0.0,0.0,0.391425,
CorridorStructured,mpcc_soft,10,14,goal_reached,high,12,1,613,61.3,51.6477,0.8652,0.8425,0.2645,9.3333,0.045,0.0998,0.5221,0.0891,-0.0008,0.0282,0.0496,0.0282,97.47,591.69,31.35,0,0,2,0,7,0,0.000484,400,5,0.398255,402,5,2.8548,4,0.0,0.0,0.200002,
CorridorStructured,mpcc_soft,10,17,goal_reached,high,12,1,592,59.2,55.6478,0.803,0.94,0.1281,19.1771,0.1689,0.2854,0.8608,0.2301,-0.0197,0.1213,0.8296,0.1196,99.2,1338.16,55.89,0,0,0,0,20,0,0.593148,397,3,0.103349,396,3,2.8142,4,0.0,0.0,0.103349,
OpenClutter,mpcc_soft,11,2,goal_reached,low,4,1,542,54.2,52.5653,0.8306,0.9698,0.0296,9.3991,0.0626,0.1638,0.8605,0.1513,-0.0025,0.0361,0.3693,0.036,99.98,660.46,29.7,0,0,0,0,3,0,0.000342,281,3,0.368083,325,0,1.048,4,0.0,0.0,0.368083,
CorridorStructured,mpcc_soft,10,10,goal_reached,high,12,1,637,63.7,56.0089,0.7978,0.8793,0.2427,20.8521,0.2605,0.4301,1.3025,0.3422,-0.0128,0.1009,0.6703,0.1001,107.13,1094.42,60.97,0,0,14,0,86,0,0.481877,210,0,0.250496,210,0,2.9482,4,0.0,0.0,0.2,
CorridorStructured,mpcc_soft,10,15,goal_reached,high,12,1,600,60.0,56.9979,0.784,0.6724,0.6791,19.1062,0.2861,0.5327,2.1065,0.4493,-0.0045,0.0433,0.5129,0.0431,105.1,910.11,57.48,0,0,4,0,21,0,0.235959,320,1,0.356902,499,9,2.8683,4,0.0,0.0,0.2,
OpenClutter,mpcc_soft,11,1,goal_reached,low,4,1,553,55.3,53.8946,0.8101,0.9746,0.0308,12.3236,0.1754,0.489,2.3561,0.4565,-0.0059,0.0253,0.0498,0.0246,100.15,572.14,27.85,0,0,2,0,7,0,0.011936,373,0,0.367446,258,3,1.0832,3,0.0,0.0,0.2,
CorridorStructured,mpcc_soft,10,19,goal_reached,high,12,1,580,58.0,54.932,0.8134,-0.3134,0.9066,19.7301,0.2778,0.4049,1.1557,0.2945,0.0015,0.0287,0.1092,0.0287,99.03,393.39,26.83,0,0,3,0,33,0,0.128867,197,10,0.367726,431,5,2.9586,4,0.0,0.0,0.2,
OpenClutter,mpcc_soft,11,3,goal_reached,low,4,1,539,53.9,51.937,0.8407,0.9636,0.0304,7.335,0.0125,0.0262,0.193,0.023,-0.0057,0.0266,0.0498,0.026,96.83,626.05,28.18,0,0,0,0,0,0,0.0,,,0.761804,213,2,0.9035,3,0.0,0.0,0.541702,
OpenClutter,mpcc_soft,11,4,goal_reached,low,4,1,535,53.5,52.3244,0.8345,0.978,0.0276,10.0379,0.0538,0.111,0.4891,0.0971,-0.0035,0.0277,0.0497,0.0275,100.44,626.91,29.04,0,0,0,0,5,0,0.000176,341,0,0.402646,81,1,1.0523,2,0.0,0.0,0.402646,
CorridorStructured,mpcc_soft,10,13,max_steps,high,12,0,800,80.0,40.5368,1.1023,0.5067,0.4696,20.7898,0.1133,0.2284,1.1223,0.1984,-0.0054,0.0357,0.4783,0.0352,108.56,316.15,29.01,0,0,8,0,26,0,0.073758,165,4,0.35649,200,2,2.995,4,0.0,0.0,0.2,
OpenClutter,mpcc_soft,11,5,goal_reached,low,4,1,551,55.1,53.0484,0.8231,0.0388,0.9678,14.1349,0.1401,0.2603,0.9549,0.2194,-0.0052,0.0268,0.0765,0.0263,102.52,777.32,43.44,0,0,0,0,26,0,0.000298,233,3,0.367466,383,0,1.2577,3,0.0,0.0,0.300329,
OpenClutter,mpcc_soft,11,7,goal_reached,low,4,1,546,54.6,53.1566,0.8214,0.9736,0.0298,11.1005,0.0964,0.215,0.9863,0.1922,-0.0059,0.0548,0.5894,0.0545,99.62,587.1,27.3,0,0,0,0,5,0,0.000383,442,1,0.406857,264,0,1.0476,2,0.0,0.0,0.394433,
OpenClutter,mpcc_soft,11,6,goal_reached,low,4,1,562,56.2,51.9875,0.8399,0.925,0.1752,9.2796,0.0311,0.0822,0.5137,0.0761,-0.0029,0.0264,0.0498,0.0263,101.1,603.16,27.59,0,0,0,0,3,0,0.000222,436,2,0.42542,438,2,0.927,2,0.0,0.0,0.200002,
OpenClutter,mpcc_soft,11,8,goal_reached,low,4,1,557,55.7,53.2231,0.8204,0.9555,0.1059,11.2406,0.0747,0.1693,0.7877,0.152,-0.0039,0.0302,0.2398,0.0299,101.4,702.53,38.11,0,0,0,0,5,0,0.003762,117,3,0.42953,126,3,0.9713,2,0.0,0.0,0.405043,
OpenClutter,mpcc_soft,11,9,goal_reached,low,4,1,539,53.9,51.937,0.8407,0.9636,0.0304,7.335,0.0125,0.0262,0.193,0.023,-0.0057,0.0266,0.0498,0.026,98.73,596.25,27.75,0,0,0,0,0,0,0.0,,,1.00439,423,1,0.6382,2,0.0,0.0,0.541702,
OpenClutter,mpcc_soft,11,10,goal_reached,low,4,1,536,53.6,52.2901,0.835,0.9756,0.0304,9.938,0.0659,0.1462,0.629,0.1305,-0.0041,0.0278,0.0498,0.0275,99.76,626.75,28.65,0,0,0,0,4,0,0.000472,374,1,0.440749,458,0,0.9757,3,0.0,0.0,0.440749,
OpenClutter,mpcc_soft,11,12,goal_reached,low,4,1,536,53.6,52.1184,0.8378,0.9724,0.031,8.7975,0.036,0.078,0.3504,0.0692,-0.0042,0.0264,0.0498,0.026,97.9,629.66,28.5,0,0,0,0,3,0,0.000205,450,1,0.398016,448,1,1.0634,3,0.0,0.0,0.398016,
OpenClutter,mpcc_soft,11,13,goal_reached,low,4,1,537,53.7,51.9695,0.8402,0.9678,0.0308,7.9721,0.0209,0.045,0.2346,0.0398,-0.0071,0.0262,0.0498,0.0253,98.21,642.2,28.92,0,0,0,0,2,0,4.5e-05,361,1,0.501935,311,0,1.2812,4,0.0,0.0,0.501935,
OpenClutter,mpcc_soft,11,17,goal_reached,low,4,1,539,53.9,52.1374,0.8374,0.9673,0.032,9.0279,0.0491,0.1345,0.7537,0.1252,-0.0055,0.0259,0.0497,0.0253,99.02,588.26,27.18,0,0,0,0,1,0,0.000352,231,1,0.48288,234,1,1.0557,3,0.0,0.0,0.48288,
OpenClutter,mpcc_soft,11,14,goal_reached,low,4,1,548,54.8,52.8193,0.8266,0.9639,0.0799,11.0498,0.1,0.2782,1.4349,0.2596,-0.0012,0.0276,0.0498,0.0276,100.93,622.56,29.73,0,0,2,0,7,0,0.000653,383,2,0.441384,385,2,0.9124,3,0.0,0.0,0.2,
OpenClutter,mpcc_soft,11,15,goal_reached,low,4,1,551,55.1,53.1268,0.8218,0.9642,0.0945,12.6374,0.116,0.2565,1.1557,0.2287,-0.0061,0.0314,0.2337,0.0308,100.2,642.2,29.91,0,0,0,0,3,0,0.000405,90,1,0.43696,92,1,1.1688,3,0.0,0.0,0.43696,
OpenClutter,mpcc_soft,11,16,goal_reached,low,4,1,557,55.7,52.7959,0.827,0.9479,0.1239,11.267,0.075,0.1786,0.8049,0.1621,-0.0052,0.0272,0.1836,0.0267,101.63,587.69,27.65,0,0,0,0,7,0,0.000555,170,1,0.40278,172,1,1.0305,2,0.0,0.0,0.40278,
OpenClutter,mpcc_soft,11,11,goal_reached,low,4,1,577,57.7,53.0658,0.8228,-0.569,0.7484,10.9713,0.0725,0.2192,1.1734,0.2069,-0.0001,0.0285,0.0498,0.0285,109.84,2000.8,94.19,1,0,6,0,18,0,0.347647,119,2,0.233451,118,2,1.026,3,0.0,0.0,0.2,
OpenClutter,mpcc_soft,11,18,goal_reached,low,4,1,548,54.8,52.2644,0.8354,0.9537,0.1032,9.8718,0.0518,0.127,0.6653,0.1159,-0.0006,0.0286,0.0499,0.0286,99.9,592.15,34.23,0,0,0,0,7,0,0.00224,257,2,0.396229,271,2,1.0529,2,0.0,0.0,0.396229,
OpenClutter,mpcc_soft,11,19,goal_reached,low,4,1,541,54.1,52.4422,0.8326,0.9694,0.0327,10.3133,0.0957,0.235,1.1458,0.2146,-0.0046,0.0301,0.2401,0.0297,101.88,629.3,32.15,0,0,9,0,7,0,0.13865,115,1,0.354154,114,1,1.1072,2,0.0,0.0,0.2,
OpenClutter,mpcc_soft,11,0,goal_reached,mid,8,1,559,55.9,52.5149,0.8314,0.9394,0.1572,15.0352,0.0856,0.1806,0.7499,0.159,-0.0041,0.0254,0.0497,0.025,103.5,600.29,32.18,0,0,3,0,9,0,0.000539,279,6,0.425583,183,0,1.9946,4,0.0,0.0,0.2,
OpenClutter,mpcc_soft,11,1,goal_reached,mid,8,1,551,55.1,53.6309,0.8141,0.3964,0.891,12.7934,0.124,0.268,1.4539,0.2375,-0.0027,0.0262,0.0497,0.0261,104.42,593.03,32.28,0,0,8,0,13,0,0.434143,330,6,0.224753,329,6,1.9946,4,0.0,0.0,0.2,
OpenClutter,mpcc_soft,11,2,goal_reached,mid,8,1,546,54.6,51.7811,0.8432,0.9484,0.1175,11.4128,0.0397,0.0984,0.5381,0.09,-0.0058,0.0267,0.0497,0.026,103.87,1614.73,71.05,1,0,2,0,6,0,0.001873,266,0,0.411407,409,6,1.9469,4,0.0,0.0,0.2,
OpenClutter,mpcc_soft,11,4,goal_reached,mid,8,1,535,53.5,51.9671,0.8402,0.9713,0.0322,10.4457,0.0611,0.1231,0.4882,0.1069,-0.0037,0.0286,0.0497,0.0283,99.81,751.89,34.77,0,0,0,0,3,0,0.000225,243,1,0.447281,244,1,2.2037,4,0.0,0.0,0.375116,
OpenClutter,mpcc_soft,11,3,goal_reached,mid,8,1,547,54.7,53.1701,0.8212,0.972,0.0661,12.5797,0.2334,0.535,2.0846,0.4814,-0.0045,0.0292,0.0498,0.0289,105.38,636.47,35.45,0,0,0,0,43,0,0.365967,342,2,0.234354,341,2,2.0494,4,0.0,0.0,0.209398,
OpenClutter,mpcc_soft,11,6,goal_reached,mid,8,1,546,54.6,52.6567,0.8292,0.9644,0.0756,11.6396,0.0681,0.1603,0.7718,0.1451,-0.0014,0.0276,0.124,0.0276,102.03,625.32,34.64,0,0,0,0,4,0,0.000218,205,3,0.434592,421,4,2.2015,4,0.0,0.0,0.434592,
OpenClutter,mpcc_soft,11,5,goal_reached,mid,8,1,561,56.1,53.7689,0.812,0.0412,0.9632,15.5885,0.1046,0.2184,0.9506,0.1918,-0.0028,0.0274,0.1892,0.0272,108.97,1659.27,77.22,0,0,0,0,14,0,0.154483,291,2,0.43193,341,4,1.9305,4,0.0,0.0,0.264853,
OpenClutter,mpcc_soft,11,8,goal_reached,mid,8,1,532,53.2,51.7691,0.8434,0.9731,0.0292,9.5886,0.0645,0.133,0.5709,0.1163,-0.0056,0.0303,0.205,0.0298,100.66,589.6,29.87,0,0,3,0,9,0,0.09777,420,6,0.385474,419,6,2.0677,4,0.0,0.0,0.2,
OpenClutter,mpcc_soft,11,7,goal_reached,mid,8,1,562,56.2,53.5517,0.8153,0.9529,0.1322,13.5928,0.1014,0.2312,1.1449,0.2078,0.0003,0.0345,0.3929,0.0345,100.95,600.9,29.9,0,0,2,0,7,0,0.009943,387,6,0.407515,401,6,2.2278,4,0.0,0.0,0.2,
OpenClutter,mpcc_soft,11,10,goal_reached,mid,8,1,551,55.1,53.1653,0.8213,0.9649,0.0873,11.7683,0.1375,0.3044,1.2941,0.2716,-0.0026,0.0291,0.1566,0.029,101.63,632.79,29.85,0,0,0,0,11,0,0.001266,127,6,0.414917,281,2,2.4392,4,0.0,0.0,0.320063,
OpenClutter,mpcc_soft,11,11,goal_reached,mid,8,1,561,56.1,53.9288,0.8096,0.9613,0.1089,16.6462,0.1939,0.3178,0.9807,0.2517,-0.0104,0.0783,0.8304,0.0776,104.87,762.23,41.93,0,0,2,0,21,0,0.000991,201,4,0.444451,112,6,1.7683,4,0.0,0.0,0.2,
OpenClutter,mpcc_soft,11,13,goal_reached,mid,8,1,542,54.2,51.5016,0.8478,0.9502,0.114,9.0682,0.0835,0.1573,0.6445,0.1334,-0.003,0.0259,0.0497,0.0257,102.99,594.57,30.24,0,0,2,0,20,0,0.02809,140,3,0.41572,220,7,1.9022,4,0.0,0.0,0.2,
OpenClutter,mpcc_soft,11,9,goal_reached,mid,8,1,584,58.4,54.7048,0.7981,0.9367,0.1784,19.3836,0.2238,0.42,1.597,0.3554,-0.0059,0.0491,0.5944,0.0488,107.34,1162.77,57.09,0,0,0,0,9,0,0.001754,238,0,0.381641,235,0,2.4932,4,0.0,0.0,0.223209,
OpenClutter,mpcc_soft,11,14,goal_reached,mid,8,1,543,54.3,52.4613,0.8323,0.1244,0.9614,13.6678,0.09,0.1863,0.7545,0.1631,-0.0038,0.0268,0.1033,0.0265,103.78,1443.89,63.97,0,0,0,0,6,0,0.001665,120,4,0.408401,135,2,2.2578,4,0.0,0.0,0.254269,
OpenClutter,mpcc_soft,11,15,goal_reached,mid,8,1,546,54.6,52.2952,0.8349,0.9578,0.1142,12.4705,0.1471,0.2763,1.1632,0.2338,-0.0006,0.0263,0.0497,0.0263,104.12,631.57,30.83,0,0,0,0,11,0,0.021153,347,2,0.362569,347,3,2.1007,4,0.0,0.0,0.20027,
OpenClutter,mpcc_soft,11,12,goal_reached,mid,8,1,615,61.5,57.6332,0.7576,0.9371,0.1964,23.6261,0.3407,0.6381,2.5588,0.5395,-0.0095,0.0464,0.4412,0.0455,113.19,841.42,60.65,0,0,6,0,35,0,0.401902,190,5,0.254185,190,5,2.2228,4,0.0,0.0,0.2,
OpenClutter,mpcc_soft,11,16,goal_reached,mid,8,1,530,53.0,51.9423,0.8406,0.98,0.0321,11.5174,0.12,0.215,0.7508,0.1784,-0.0044,0.0275,0.0496,0.0271,102.08,593.08,30.18,0,0,7,0,10,0,0.133542,443,6,0.364943,442,6,1.9019,4,0.0,0.0,0.2,
OpenClutter,mpcc_soft,11,6,dyn_body_collision,high,12,0,170,17.0,15.7526,2.7717,0.9266,0.2248,5.9735,0.219,0.3443,0.7783,0.2656,-0.0017,0.0218,0.0487,0.0217,126.85,696.18,65.96,0,0,11,1,17,1,0.716584,169,11,-0.011297,169,11,2.7824,4,0.0,0.0,-0.011297,
OpenClutter,mpcc_soft,11,1,dyn_body_collision,high,12,0,329,32.9,32.0622,1.3618,0.9745,0.1021,10.1316,0.2098,0.4291,2.1807,0.3743,-0.0061,0.0318,0.2187,0.0312,110.65,1350.22,78.03,0,0,0,1,14,1,0.747303,328,8,-0.026782,328,8,2.6687,4,0.0,0.0,-0.026782,
OpenClutter,mpcc_soft,11,10,dyn_body_collision,high,12,0,190,19.0,16.8847,2.5859,0.8887,0.2599,8.5704,0.1691,0.2687,0.8322,0.2088,-0.0038,0.0474,0.4157,0.0472,123.81,1497.95,122.79,0,0,0,1,9,1,0.726851,189,0,-0.0408,189,0,2.5789,4,0.0,0.0,-0.0408,
OpenClutter,mpcc_soft,11,18,goal_reached,mid,8,1,537,53.7,52.3994,0.8333,0.9758,0.0322,12.787,0.0914,0.1689,0.6368,0.142,0.0009,0.0271,0.121,0.0271,102.04,587.66,27.19,0,0,0,0,9,0,0.000268,130,7,0.40205,196,4,1.8417,4,0.0,0.0,0.40205,
OpenClutter,mpcc_soft,11,0,goal_reached,high,12,1,580,58.0,54.7529,0.7974,0.9404,0.1923,17.2266,0.1622,0.3,1.13,0.2524,-0.0162,0.099,0.6246,0.0977,108.02,947.7,51.38,0,0,2,0,8,0,0.000496,206,2,0.439905,361,8,2.7224,4,0.0,0.0,0.2,
OpenClutter,mpcc_soft,11,19,goal_reached,mid,8,1,582,58.2,56.6887,0.7702,0.974,0.0679,12.9117,0.2733,0.6201,2.646,0.5567,-0.0493,0.197,1.109,0.1908,110.62,2239.74,122.25,2,0,4,0,29,0,0.456922,335,4,0.147421,334,4,1.8385,4,1.31681e-05,0.0072588333,0.147421,
OpenClutter,mpcc_soft,11,17,goal_reached,mid,8,1,629,62.9,58.0913,0.7516,0.8851,0.3323,22.286,0.473,0.7976,2.8689,0.6422,0.0091,0.0585,0.362,0.0578,108.94,688.02,42.85,0,0,3,0,49,0,0.106938,412,2,0.406727,273,7,1.7949,4,0.0,0.0,0.2,
OpenClutter,mpcc_soft,11,4,goal_reached,high,12,1,555,55.5,53.0845,0.8225,0.9565,0.1166,12.2346,0.0991,0.1848,0.7842,0.1559,-0.0144,0.0756,0.6696,0.0742,104.27,596.38,34.83,0,0,0,0,19,0,0.000317,187,7,0.412177,293,11,2.4306,4,0.0,0.0,0.37134,
OpenClutter,mpcc_soft,11,2,goal_reached,high,12,1,561,56.1,54.163,0.8061,-0.5609,0.7927,17.525,0.2453,0.4889,1.7321,0.4229,-0.0086,0.0682,0.815,0.0677,110.46,1567.66,69.69,0,0,2,0,24,0,0.022693,371,0,0.36507,372,0,2.4029,4,0.0,0.0,0.2,
OpenClutter,mpcc_soft,11,5,goal_reached,high,12,1,548,54.8,52.6061,0.83,0.96,0.1031,12.4892,0.1484,0.2902,1.2619,0.2494,0.004,0.0266,0.0496,0.0263,104.67,592.75,29.92,0,0,0,0,24,0,0.000554,207,3,0.378078,256,9,2.7372,4,0.0,0.0,0.378078,
OpenClutter,mpcc_soft,11,3,goal_reached,high,12,1,580,58.0,55.8982,0.7811,0.9638,0.1393,21.8124,0.2795,0.4731,1.926,0.3817,-0.0148,0.0819,0.9368,0.0805,107.96,757.31,44.46,0,0,4,0,19,0,0.240235,230,1,0.358661,229,1,2.6034,4,0.0,0.0,0.2,
OpenClutter,mpcc_soft,11,8,goal_reached,high,12,1,547,54.7,51.8351,0.8423,0.9476,0.1439,11.4014,0.0667,0.1347,0.5895,0.1171,-0.0041,0.0263,0.0498,0.026,102.74,1797.75,79.07,1,0,4,0,9,0,0.212239,413,5,0.369421,214,7,2.2925,4,0.0,0.0,0.2,
OpenClutter,mpcc_soft,11,7,goal_reached,high,12,1,569,56.9,53.5414,0.8155,0.941,0.1633,16.1412,0.1141,0.2291,1.0337,0.1987,-0.0073,0.0471,0.3747,0.0465,101.91,622.86,33.19,0,0,2,0,9,0,0.001837,228,7,0.418442,226,7,2.9613,4,0.0,0.0,0.2,
OpenClutter,mpcc_soft,11,9,goal_reached,high,12,1,543,54.3,52.951,0.8246,0.9752,0.0513,11.1975,0.1368,0.2502,0.8034,0.2095,-0.0014,0.0289,0.2184,0.0289,97.74,623.57,29.57,0,0,0,0,8,0,0.000374,86,8,0.448396,214,3,2.7882,4,0.0,0.0,0.448396,
OpenClutter,mpcc_soft,11,11,goal_reached,high,12,1,584,58.4,54.6465,0.799,0.9357,0.1574,17.6196,0.1614,0.2706,0.8601,0.2172,-0.0027,0.0366,0.3137,0.0365,94.23,630.69,33.41,0,0,5,0,20,0,0.131468,170,11,0.396244,518,7,2.7432,4,0.0,0.0,0.2,
OpenClutter,mpcc_soft,11,12,goal_reached,high,12,1,547,54.7,53.1469,0.8215,0.9716,0.079,11.8734,0.1291,0.2594,1.2722,0.225,-0.0012,0.0424,0.4139,0.0424,86.19,601.77,33.54,0,0,0,0,15,0,0.001747,444,1,0.367667,440,1,2.5375,4,0.0,0.0,0.252691,
OpenClutter,mpcc_soft,11,13,goal_reached,high,12,1,559,55.9,53.8052,0.8115,-0.3095,0.9165,10.6508,0.1119,0.2493,1.1631,0.2228,-0.0247,0.1424,1.0439,0.1403,87.01,643.31,43.72,0,0,10,0,19,0,0.619699,185,8,0.093727,182,8,2.8605,4,0.0,0.0,0.093727,
OpenClutter,mpcc_soft,11,14,goal_reached,high,12,1,537,53.7,51.9988,0.8397,0.9683,0.0636,11.1876,0.1005,0.2118,0.821,0.1864,-0.005,0.0263,0.0499,0.0258,81.99,628.21,36.43,0,0,8,0,12,0,0.223338,448,5,0.308594,446,5,2.7393,4,0.0,0.0,0.2,
OpenClutter,mpcc_soft,11,16,goal_reached,high,12,1,559,55.9,54.0038,0.8085,0.9661,0.1155,14.9231,0.2036,0.377,1.4751,0.3173,-0.0038,0.0411,0.4579,0.0409,72.95,594.04,38.07,0,0,0,0,21,0,0.000483,376,3,0.367437,413,9,2.6512,4,0.0,0.0,0.367437,
OpenClutter,mpcc_soft,11,17,goal_reached,high,12,1,546,54.6,53.0098,0.8237,0.9709,0.0529,14.5101,0.1096,0.2007,0.7673,0.1681,-0.004,0.0385,0.4273,0.0383,63.76,637.85,34.49,0,0,2,0,8,0,0.000421,162,11,0.439211,173,11,2.8462,4,0.0,0.0,0.2,
OpenClutter,mpcc_soft,11,15,goal_reached,high,12,1,625,62.5,58.1129,0.7513,-0.6943,0.6441,21.3967,0.2348,0.46,2.0064,0.3956,-0.0101,0.0666,0.8225,0.0659,76.06,975.6,59.8,0,0,2,0,38,0,0.6659,86,7,0.10469,86,7,2.6432,4,0.0,0.0,0.10469,
OpenClutter,mpcc_soft,11,18,goal_reached,high,12,1,564,56.4,54.0841,0.8073,0.9589,0.1087,17.1259,0.1262,0.2667,1.2682,0.2349,-0.0059,0.0625,0.6087,0.0622,64.33,690.1,48.84,0,0,0,0,14,0,0.000693,124,5,0.403493,459,3,3.2021,4,0.0,0.0,0.403493,
OpenClutter,mpcc_soft,11,19,goal_reached,high,12,1,653,65.3,62.0625,0.7035,-0.0386,0.962,21.632,0.6229,1.0841,3.5113,0.8873,-0.0362,0.1752,1.4792,0.1715,64.46,633.56,35.9,0,0,5,0,65,0,0.260155,117,6,0.28515,115,6,2.876,4,0.0,0.0,0.2,
